"ID","Gene","No.case","No.contr","group.index"
"6:161006077-161006077_C_T","LPA",298,272,1
"1:11205024-11205024_C_T","MTOR",1,0,2
"1:11272449-11272449_G_A","MTOR",0,1,2
"1:11290989-11290994_CTGACT_C","MTOR",1,0,2
"1:11594465-11594465_C_T","PTCHD2",0,1,2
"1:19441304-19441307_CCTT_C","UBR4",2,0,2
"1:34631385-34631386_AG_A","CSMD2",1,0,2
"1:36029444-36029444_C_CT","NCDN",1,0,2
"1:36029447-36029448_CT_C","NCDN",1,0,2
"1:43891245-43891245_C_T","SZT2",0,1,2
"1:43909301-43909301_C_T","SZT2",0,1,2
"1:65339122-65339122_G_T","JAK1",0,1,2
"1:71418633-71418634_CT_C","PTGER3",0,1,2
"1:71418661-71418662_TG_T","PTGER3",59,53,2
"1:110888220-110888221_AC_A","RBM15",0,1,2
"1:116940594-116940594_T_TGA","ATP1A1",0,1,2
"1:152079959-152079963_GCCGC_G","TCHH",1,0,2
"1:152080696-152080697_TC_T","TCHH",1,0,2
"1:152080916-152080916_G_A","TCHH",1,0,2
"1:152081384-152081384_G_A","TCHH",1,0,2
"1:152082236-152082236_G_GTC","TCHH",0,1,2
"1:152082584-152082586_CCT_C","TCHH",0,2,2
"1:153713126-153713126_G_A","INTS3",0,1,2
"1:154557793-154557794_TG_T","ADAR",1,0,2
"1:154687392-154687392_C_CT","KCNN3",1,0,2
"1:155307459-155307459_G_A","ASH1L",3,1,2
"1:160104329-160104330_TG_T","ATP1A2",1,0,2
"1:160106457-160106457_G_A","ATP1A2",0,1,2
"1:172376969-172376971_CCT_C","DNM3",1,0,2
"1:201750217-201750218_TA_T","NAV1",0,1,2
"1:201777078-201777078_T_C","NAV1",1,0,2
"1:229567506-229567506_C_CT","ACTA1",1,0,2
"1:237972262-237972262_A_AT","RYR2",0,1,2
"10:334319-334320_CA_C","DIP2C",2,0,2
"10:52005020-52005020_G_A","ASAH2",0,1,2
"10:52005095-52005095_G_A","ASAH2",32,41,2
"10:71075744-71075744_C_T","HK1",1,0,2
"10:91353604-91353604_G_A","PANK1",1,0,2
"10:112839082-112839083_TC_T","ADRA2A",1,0,2
"11:9455342-9455342_C_CG","IPO7",0,1,2
"11:9455344-9455345_AC_A","IPO7",0,1,2
"11:10789446-10789446_C_T","CTR9",0,1,2
"11:10794800-10794800_A_AGAGGTGGTGGTGGTGGACGGGTAAGATAT","CTR9",0,1,2
"11:34111758-34111758_C_G","CAPRIN1",0,1,2
"11:34118799-34118799_C_T","CAPRIN1",1,0,2
"11:45672230-45672230_G_A","CHST1",1,0,2
"11:46884157-46884161_CTCTT_C","LRP4",1,0,2
"11:46916769-46916769_C_T","LRP4",0,1,2
"11:62373391-62373391_A_AC","EML3",0,1,2
"11:62374493-62374493_T_TC","EML3",1,0,2
"11:65308664-65308664_G_T","LTBP3",1,0,2
"11:65319502-65319503_TG_T","LTBP3",1,0,2
"11:66113531-66113531_G_A","B3GNT1",1,0,2
"11:119024808-119024808_C_G","ABCG4",0,2,2
"11:129785671-129785671_G_A","PRDM10",1,0,2
"12:5021930-5021932_TAA_T","KCNA1",0,1,2
"12:26596570-26596572_TTG_T","ITPR2",1,0,2
"12:26634096-26634096_T_A","ITPR2",1,0,2
"12:26639099-26639100_TG_T","ITPR2",0,1,2
"12:50047047-50047047_G_A","FMNL3",0,1,2
"12:57605790-57605790_C_T","LRP1",1,0,2
"12:120295329-120295329_G_GCTCCTGGGCCAATA","CIT",1,0,2
"12:120599350-120599350_G_A","GCN1L1",1,0,2
"12:122018732-122018734_CTG_C","KDM2B",27,21,2
"12:125396375-125396376_TG_T","UBC",0,1,2
"12:132496042-132496042_G_A","EP400",2,1,2
"12:133502048-133502048_C_A","ZNF605",1,0,2
"13:41705932-41705936_ACTGT_A","KBTBD6",1,0,2
"13:41706005-41706007_CTA_C","KBTBD6",0,1,2
"13:58298964-58298964_C_T","PCDH17",0,1,2
"13:77670514-77670515_CA_C","MYCBP2",1,0,2
"13:77672826-77672827_AG_A","MYCBP2",1,0,2
"13:77844620-77844621_TC_T","MYCBP2",1,0,2
"13:101712306-101712306_G_GA","NALCN",1,0,2
"13:101759837-101759837_C_T","NALCN",1,0,2
"13:101797193-101797193_G_A","NALCN",0,1,2
"13:101997650-101997650_G_A","NALCN",0,1,2
"13:111862341-111862341_C_CGGAGTTTGGTAAGTTTGAG","ARHGEF7",0,1,2
"14:21836487-21836488_TG_T","SUPT16H",1,0,2
"14:21861366-21861366_G_GGTGTC","CHD8",1,0,2
"14:21966404-21966404_A_G","METTL3",1,0,2
"14:23884633-23884634_TC_T","MYH7",1,0,2
"14:23884990-23884990_C_A","MYH7",1,0,2
"14:23902388-23902389_AC_A","MYH7",0,1,2
"14:31642776-31642776_T_TA","HECTD1",1,0,2
"14:36190925-36190926_CT_C","RALGAPA1",1,0,2
"14:51448746-51448746_C_CA","TRIM9",0,1,2
"14:74009860-74009862_GCT_G","ACOT1",0,1,2
"14:89082577-89082577_T_A","EML5",2,0,2
"14:89093289-89093291_CAT_C","EML5",0,1,2
"14:91925104-91925104_T_G","SMEK1",1,0,2
"14:102508971-102508971_G_A","DYNC1H1",1,0,2
"15:30659681-30659682_CA_C","CHRFAM7A",1,0,2
"15:41165380-41165381_TC_T","RHOV",1,0,2
"15:52635380-52635381_TC_T","MYO5A",1,0,2
"15:52662410-52662410_A_AT","MYO5A",1,0,2
"15:63937210-63937214_TCCCA_T","HERC1",0,1,2
"15:79298518-79298518_C_T","RASGRF1",0,1,2
"16:27510018-27510019_CG_C","GTF3C1",0,1,2
"16:29998211-29998211_G_A","TAOK2",0,2,2
"16:30536539-30536539_G_A","ZNF768",1,0,2
"16:31131551-31131551_C_T","KAT8",0,1,2
"16:50815283-50815284_CA_C","CYLD",1,0,2
"16:58555098-58555099_TG_T","CNOT1",0,1,2
"16:72130881-72130881_C_T","DHX38",0,1,2
"16:74487094-74487094_G_A","GLG1",1,0,2
"16:74508515-74508515_G_A","GLG1",1,0,2
"17:1562002-1562002_T_A","PRPF8",1,0,2
"17:1959607-1959609_ACT_A","HIC1",0,2,2
"17:4804138-4804139_GA_G","CHRNE",1,0,2
"17:4805974-4805974_T_TC","CHRNE",1,1,2
"17:26960302-26960302_T_TA","KIAA0100",1,0,2
"17:27401817-27401819_CTG_C","MYO18A",1,1,2
"17:27434130-27434132_CGT_C","MYO18A",1,0,2
"17:29496923-29496927_CTGTT_C","NF1",1,0,2
"17:29677227-29677227_C_T","NF1",0,1,2
"17:31350878-31350878_C_T","ASIC2",1,0,2
"17:31439004-31439004_T_TC","ASIC2",1,0,2
"17:33977570-33977570_C_T","AP2B1",1,0,2
"17:35620682-35620686_CCAAA_C","ACACA",1,0,2
"17:40010239-40010239_T_TACTGTTTATCAATATCATC","KLHL11",0,1,2
"17:40010677-40010677_C_T","KLHL11",0,1,2
"17:40459501-40459502_CA_C","STAT5A",0,1,2
"17:40840485-40840485_C_T","CNTNAP1",0,1,2
"17:40840914-40840914_C_T","CNTNAP1",1,0,2
"17:40845462-40845464_CCT_C","CNTNAP1",1,0,2
"17:41594616-41594616_C_T","DHX8",2,0,2
"17:44806241-44806241_C_T","NSF",1,0,2
"18:19345792-19345792_C_T","MIB1",1,0,2
"18:19359574-19359574_T_G","MIB1",1,0,2
"18:19359600-19359601_AT_A","MIB1",0,3,2
"18:19395649-19395649_C_T","MIB1",0,1,2
"18:19395685-19395685_C_T","MIB1",1,0,2
"18:19418396-19418397_AC_A","MIB1",2,0,2
"18:19426995-19426996_AT_A","MIB1",0,1,2
"18:19426998-19426998_C_T","MIB1",2,0,2
"18:19437141-19437141_C_T","MIB1",1,0,2
"19:6690671-6690671_T_TC","C3",0,1,2
"19:7163146-7163146_C_T","INSR",1,0,2
"19:16973705-16973705_G_A","SIN3B",5,4,2
"19:16973730-16973731_AG_A","SIN3B",0,1,2
"19:17752276-17752278_GTA_G","UNC13A",0,1,2
"19:18085900-18085900_G_A","KCNN1",0,1,2
"19:18895104-18895106_ACT_A","COMP",1,0,2
"19:18965793-18965793_C_A","UPF1",1,0,2
"19:34263449-34263449_C_CA","CHST8",0,1,2
"19:34263527-34263527_C_G","CHST8",1,0,2
"19:36051268-36051268_C_A","ATP4A",1,0,2
"19:36051323-36051324_CG_C","ATP4A",1,0,2
"19:36515424-36515425_CT_C","CLIP3",0,1,2
"19:38946272-38946272_G_C","RYR1",0,1,2
"19:38994950-38994951_CA_C","RYR1",1,0,2
"19:38995642-38995642_G_A","RYR1",1,0,2
"19:39002235-39002235_C_T","RYR1",0,1,2
"19:39002884-39002884_G_C","RYR1",0,2,2
"19:39034060-39034060_C_A","RYR1",1,1,2
"19:41008047-41008048_GT_G","SPTBN4",1,0,2
"19:57176452-57176452_C_CCT","ZNF835",10,22,2
"2:1658205-1658207_GCT_G","PXDN",1,0,2
"2:27448013-27448013_A_ACC","CAD",0,1,2
"2:69575372-69575372_G_A","GFPT1",1,0,2
"2:74759768-74759768_C_T","HTRA2",0,1,2
"2:96964340-96964340_C_T","SNRNP200",1,0,2
"2:112588925-112588926_CA_C","ANAPC1",1,0,2
"2:128495585-128495587_CTT_C","WDR33",0,1,2
"2:136545926-136545926_G_A","LCT",0,2,2
"2:136564701-136564701_A_T","LCT",0,1,2
"2:162728802-162728802_G_A","SLC4A10",0,1,2
"2:162735743-162735744_AG_A","SLC4A10",0,1,2
"2:166012313-166012313_G_A","SCN3A",0,1,2
"2:183817891-183817893_TTG_T","NCKAP1",1,0,2
"2:191856029-191856029_C_CT","STAT1",1,0,2
"2:220116412-220116412_G_A","TUBA4A",1,0,2
"2:220344819-220344819_G_T","SPEG",0,2,2
"2:240981363-240981377_AGATGAAGAGACTTG_A","PRR21",0,1,2
"2:242176029-242176029_C_G","HDLBP",1,0,2
"2:242187739-242187739_T_TTAGA","HDLBP",1,0,2
"20:6031584-6031584_T_TG","LRRN4",1,0,2
"20:39800924-39800926_AAG_A","PLCG1",1,0,2
"20:40049276-40049276_C_T","CHD6",1,0,2
"20:40118526-40118526_C_T","CHD6",0,1,2
"20:50244207-50244207_G_A","ATP9A",1,0,2
"20:62626809-62626811_ACT_A","PRPF6",0,1,2
"21:28302229-28302229_A_AT","ADAMTS5",0,1,2
"21:28302351-28302351_G_T","ADAMTS5",1,0,2
"21:35138212-35138212_T_TA","ITSN1",1,0,2
"21:41447075-41447075_G_GC","DSCAM",1,0,2
"21:41496160-41496160_G_A","DSCAM",1,0,2
"22:21065088-21065088_G_GATGTC","PI4KA",0,1,2
"22:21084182-21084182_G_C","PI4KA",1,0,2
"22:21101959-21101959_G_T","PI4KA",1,0,2
"22:21156347-21156352_CTCGGA_C","PI4KA",0,1,2
"22:30738253-30738253_A_T","SF3A1",1,0,2
"22:31328414-31328418_GAGGC_G","MORC2",0,1,2
"22:31330061-31330061_T_A","MORC2",0,1,2
"22:50181065-50181065_C_A","BRD1",0,1,2
"3:4699938-4699939_GT_G","ITPR1",1,0,2
"3:18462432-18462434_CCT_C","SATB1",1,0,2
"3:33540124-33540124_T_C","CLASP2",1,0,2
"3:38648255-38648256_CG_C","SCN5A",1,0,2
"3:47663744-47663744_G_A","SMARCC1",1,0,2
"3:48454487-48454487_C_A","PLXNB1",1,0,2
"3:48677128-48677128_G_T","CELSR3",0,1,2
"3:48677350-48677350_A_AGTAT","CELSR3",0,1,2
"3:48677352-48677352_C_CGGGAGTCCTCCCTAGCTCCCCCAGTA","CELSR3",0,1,2
"3:113505157-113505157_C_T","ATP6V1A",1,0,2
"3:123047629-123047631_CCT_C","ADCY5",1,0,2
"3:124017741-124017748_ACTTTGCC_A","KALRN",1,0,2
"3:129275176-129275176_G_C","PLXND1",1,1,2
"3:183639141-183639141_G_A","ABCC5",0,1,2
"3:183670892-183670892_C_T","ABCC5",0,2,2
"3:183885441-183885442_AG_A","DVL3",0,1,2
"3:186505037-186505039_TCA_T","EIF4A2",0,1,2
"4:3180145-3180147_GGC_G","HTT",0,1,2
"4:6383520-6383520_C_T","PPP2R2C",8,9,2
"4:48501492-48501492_G_A","FRYL",1,0,2
"4:48559528-48559528_C_T","FRYL",0,1,2
"4:48622655-48622655_C_T","FRYL",0,1,2
"4:57829783-57829783_G_A","NOA1",0,1,2
"4:57839350-57839350_C_T","NOA1",1,0,2
"4:57840139-57840139_G_T","NOA1",0,1,2
"4:57891149-57891151_ATC_A","POLR2B",0,1,2
"4:85710878-85710878_C_T","WDFY3",1,0,2
"4:123167856-123167856_C_T","KIAA1109",1,0,2
"4:123171633-123171634_AG_A","KIAA1109",0,1,2
"4:123245633-123245633_C_T","KIAA1109",0,1,2
"4:123277815-123277815_C_CAA","KIAA1109",0,1,2
"4:141578857-141578857_C_T","TBC1D9",1,0,2
"4:170618731-170618735_CTCTT_C","CLCN3",0,1,2
"5:7804792-7804793_AG_A","ADCY2",1,0,2
"5:55236956-55236958_CTT_C","IL6ST",1,0,2
"5:55256343-55256343_T_TG","IL6ST",0,1,2
"5:74647091-74647092_GA_G","HMGCR",1,0,2
"5:88056927-88056927_C_A","MEF2C",1,0,2
"5:134124251-134124251_C_T","DDX46",1,2,2
"5:135602028-135602028_G_A","TRPC7",0,2,2
"5:135651404-135651404_G_A","TRPC7",1,0,2
"5:138147934-138147934_T_G","CTNNA1",0,1,2
"5:138266252-138266252_G_T","CTNNA1",1,0,2
"5:140038911-140038912_TG_T","IK",1,0,2
"5:156760334-156760334_G_A","CYFIP2",1,0,2
"5:176832368-176832369_TG_T","F12",1,0,2
"5:176939356-176939358_CTG_C","DDX41",0,1,2
"5:176939549-176939549_A_AG","DDX41",0,1,2
"5:176939785-176939786_GC_G","DDX41",1,0,2
"5:176942067-176942067_T_TA","DDX41",0,1,2
"5:176943186-176943188_CTT_C","DDX41",1,0,2
"5:176943386-176943387_AC_A","DDX41",0,3,2
"6:30622976-30622977_CT_C","DHX16",0,1,2
"6:30623029-30623029_C_A","DHX16",1,1,2
"6:30672312-30672313_CA_C","MDC1",0,1,2
"6:30883985-30883992_CCGGGAGG_C","VARS2",1,0,2
"6:30884683-30884683_C_T","VARS2",1,0,2
"6:31752058-31752059_GT_G","VARS",1,0,2
"6:33660523-33660523_C_T","ITPR3",1,1,2
"6:35277516-35277516_C_T","DEF6",0,1,2
"6:44107444-44107444_G_A","TMEM63B",0,1,2
"6:83838756-83838757_CA_C","DOPEY1",1,0,2
"6:83865669-83865669_G_A","DOPEY1",1,0,2
"6:83872582-83872582_C_T","DOPEY1",0,1,2
"6:143074247-143074248_AT_A","HIVEP2",1,0,2
"6:143095784-143095784_G_T","HIVEP2",0,1,2
"6:160966536-160966536_A_ACC","LPA",2,2,2
"6:160966537-160966539_TTG_T","LPA",2,2,2
"6:160968821-160968822_AT_A","LPA",1,0,2
"6:160969584-160969584_G_C","LPA",1,4,2
"6:160977184-160977185_AC_A","LPA",0,1,2
"6:160978560-160978560_G_A","LPA",1,0,2
"6:160998167-160998167_C_T","LPA",1,5,2
"6:161007480-161007480_C_T","LPA",1,0,2
"6:161010638-161010638_C_T","LPA",1,0,2
"6:161012014-161012014_G_T","LPA",0,1,2
"6:161015102-161015102_C_A","LPA",1,0,2
"6:161016494-161016494_C_CA","LPA",1,0,2
"6:161020531-161020531_C_T","LPA",0,1,2
"6:161071369-161071369_C_T","LPA",1,0,2
"7:2976831-2976831_G_T","CARD11",1,0,2
"7:43351633-43351633_G_A","HECW1",1,0,2
"7:100244648-100244648_G_C","ACTL6B",0,1,2
"7:131128432-131128432_C_T","MKLN1",0,1,2
"8:21843177-21843178_GC_G","XPO7",0,1,2
"8:145763153-145763153_T_A","ARHGAP39",2,1,2
"9:35699069-35699088_GCTGCAGCCTCAATGGCGGC_G","TLN1",1,0,2
"9:35800121-35800122_AT_A","NPR2",1,1,2
"9:73150943-73150943_G_A","TRPM3",0,1,2
"9:73151129-73151133_TTCTC_T","TRPM3",1,0,2
"9:73736200-73736200_C_T","TRPM3",3,2,2
"9:90315114-90315114_C_T","DAPK1",1,0,2
"9:101056110-101056110_G_A","GABBR2",1,0,2
"9:104309141-104309141_C_T","RNF20",1,1,2
"9:109687182-109687182_G_GCA","ZNF462",0,1,2
"9:109687184-109687184_C_CT","ZNF462",0,1,2
"9:131503816-131503820_TCAGG_T","ZER1",1,0,2
"9:131670210-131670210_A_AG","LRRC8A",1,0,2
"9:135554468-135554468_T_TACCGG","GTF3C4",0,1,2
"9:136899871-136899871_G_A","BRD3",0,1,2
"1:10397567-10397567_A_G","KIF1B",270,261,3
"1:34554603-34554603_G_C","CSMD2",44,56,3
"1:43897496-43897496_G_A","SZT2",109,105,3
"1:155148520-155148520_G_A","TRIM46",188,177,3
"1:201754444-201754444_G_C","NAV1",366,371,3
"11:46886077-46886077_A_T","LRP4",163,169,3
"12:123519112-123519112_G_A","PITPNM2",162,145,3
"15:48056219-48056219_A_G","SEMA6D",118,118,3
"16:27480797-27480797_C_T","GTF3C1",209,235,3
"16:58616997-58616997_C_T","CNOT1",136,113,3
"19:18897440-18897440_T_C","COMP",310,315,3
"2:165947079-165947079_C_A","SCN3A",114,133,3
"20:40040870-40040870_G_A","CHD6",101,74,3
"5:66460390-66460390_G_A","MAST4",145,143,3
"6:143092151-143092151_T_C","HIVEP2",208,196,3
"6:146720360-146720360_C_A","GRM1",115,125,3
"6:160952816-160952816_T_C","LPA",118,103,3
"6:160961137-160961137_T_C","LPA",257,248,3
"1:10381802-10381802_T_C","KIF1B",6,12,4
"1:10381887-10381887_A_G","KIF1B",21,15,4
"1:33985177-33985177_T_C","CSMD2",2,9,4
"1:33999455-33999455_G_A","CSMD2",4,4,4
"1:34035105-34035105_C_T","CSMD2",7,4,4
"1:34066567-34066567_G_A","CSMD2",46,45,4
"1:34190951-34190951_C_G","CSMD2",46,44,4
"1:35333156-35333156_C_A","DLGAP3",2,3,4
"1:39775303-39775303_A_G","MACF1",8,12,4
"1:39783013-39783013_G_T","MACF1",43,36,4
"1:39783025-39783025_A_T","MACF1",29,21,4
"1:39788295-39788295_C_A","MACF1",7,8,4
"1:39816547-39816547_C_G","MACF1",6,4,4
"1:39853959-39853959_G_A","MACF1",6,4,4
"1:39900230-39900230_C_T","MACF1",23,22,4
"1:39919502-39919502_A_G","MACF1",3,9,4
"1:39951304-39951304_T_G","MACF1",33,26,4
"1:70493916-70493916_A_T","LRRC7",0,2,4
"1:114340502-114340502_C_T","RSBN1",6,9,4
"1:120458122-120458122_A_T","NOTCH2",24,29,4
"1:120510113-120510113_G_T","NOTCH2",5,10,4
"1:152081362-152081362_C_G","TCHH",40,37,4
"1:155317682-155317682_C_T","ASH1L",20,24,4
"1:186301436-186301436_C_T","TPR",37,40,4
"1:200943861-200943861_G_A","KIF21B",14,9,4
"1:200960091-200960091_A_T","KIF21B",1,7,4
"1:201750233-201750233_G_A","NAV1",11,16,4
"1:237730032-237730032_A_G","RYR2",2,9,4
"1:243327912-243327912_G_C","CEP170",5,7,4
"10:47756066-47756066_C_G","ANXA8L1",3,7,4
"10:47756067-47756067_C_T","ANXA8L1",5,7,4
"10:120801896-120801896_G_A","EIF3A",18,33,4
"10:120810177-120810177_T_G","EIF3A",34,38,4
"11:62375250-62375250_T_C","EML3",5,5,4
"11:129827700-129827700_T_A","PRDM10",33,38,4
"12:50047067-50047067_C_T","FMNL3",7,6,4
"12:53687113-53687113_C_T","ESPL1",39,55,4
"12:57556205-57556205_C_T","LRP1",14,17,4
"12:58128378-58128378_C_G","AGAP2",35,27,4
"12:67706476-67706476_C_T","CAND1",9,14,4
"12:117701743-117701743_T_C","NOS1",10,15,4
"12:120166407-120166407_T_C","CIT",19,6,4
"12:120593166-120593166_T_C","GCN1L1",10,11,4
"12:120593190-120593190_G_A","GCN1L1",17,19,4
"12:132522531-132522531_C_T","EP400",8,14,4
"13:77745666-77745666_C_A","MYCBP2",25,21,4
"13:77754330-77754330_C_T","MYCBP2",19,28,4
"14:21860787-21860787_C_T","CHD8",10,7,4
"14:21883940-21883940_G_A","CHD8",7,8,4
"15:22963869-22963869_A_G","CYFIP1",42,59,4
"15:41277615-41277615_C_T","INO80",17,24,4
"15:48063734-48063734_C_G","SEMA6D",20,22,4
"15:48722907-48722907_G_A","FBN1",17,16,4
"15:63970338-63970338_C_T","HERC1",21,19,4
"15:64017685-64017685_C_T","HERC1",22,23,4
"15:93486153-93486153_G_A","CHD2",4,3,4
"16:18861726-18861726_C_T","SMG1",8,5,4
"16:30732644-30732644_C_T","SRCAP",35,30,4
"16:30735751-30735751_C_T","SRCAP",5,6,4
"16:50813729-50813729_G_A","CYLD",0,1,4
"17:7797536-7797536_G_A","CHD3",8,5,4
"17:15973774-15973774_T_G","NCOR1",98,98,4
"17:16001757-16001757_A_C","NCOR1",16,15,4
"17:16089962-16089962_C_T","NCOR1",9,7,4
"17:26948488-26948488_C_T","KIAA0100",16,16,4
"17:26951321-26951321_C_T","KIAA0100",5,6,4
"17:26961735-26961735_G_A","KIAA0100",8,2,4
"17:26967606-26967606_C_T","KIAA0100",6,9,4
"17:26969991-26969991_A_C","KIAA0100",28,32,4
"17:27014205-27014205_G_A","SUPT6H",4,6,4
"17:29496957-29496957_T_A","NF1",26,25,4
"17:31351014-31351014_T_C","ASIC2",18,22,4
"17:40028410-40028410_T_A","ACLY",6,7,4
"17:40042392-40042392_T_C","ACLY",15,13,4
"17:40556955-40556955_T_C","PTRF",14,11,4
"17:74071221-74071221_A_G","GALR2",4,15,4
"17:78936266-78936266_A_G","RPTOR",4,6,4
"18:12325722-12325722_A_G","TUBB6",16,9,4
"18:74616372-74616372_A_C","ZNF236",38,37,4
"19:2110166-2110166_T_C","AP3D1",0,1,4
"19:7689247-7689247_C_T","XAB2",24,25,4
"19:10887847-10887847_G_A","DNM2",3,7,4
"19:15273335-15273335_C_T","NOTCH3",58,69,4
"19:31039257-31039257_G_A","ZNF536",14,13,4
"19:36051333-36051333_G_T","ATP4A",99,110,4
"19:39034444-39034444_C_T","RYR1",5,8,4
"19:39108034-39108034_G_A","MAP4K1",13,17,4
"2:25141529-25141529_C_T","ADCY3",2,1,4
"2:27454944-27454944_G_A","CAD",7,9,4
"2:32740353-32740353_C_T","BIRC6",21,23,4
"2:46313438-46313438_G_A","PRKCE",37,38,4
"2:46372327-46372327_C_T","PRKCE",13,27,4
"2:61576404-61576404_T_G","USP34",70,55,4
"2:74759825-74759825_G_A","HTRA2",28,32,4
"2:136594286-136594286_C_T","LCT",14,14,4
"2:165947256-165947256_C_T","SCN3A",6,6,4
"2:166003301-166003301_G_A","SCN3A",7,12,4
"2:166201225-166201225_A_G","SCN2A",51,39,4
"20:6031509-6031509_T_C","LRRN4",24,16,4
"20:40040825-40040825_C_G","CHD6",10,11,4
"21:28315761-28315761_G_A","ADAMTS5",9,20,4
"21:35186290-35186290_G_A","ITSN1",5,4,4
"21:38865433-38865433_A_G","DYRK1A",11,5,4
"21:38884577-38884577_G_C","DYRK1A",3,7,4
"22:23634790-23634790_G_A","BCR",53,54,4
"22:29444445-29444445_C_A","ZNRF3",21,44,4
"22:36684816-36684816_C_T","MYH9",11,10,4
"3:10401618-10401618_C_T","ATP2B2",17,12,4
"3:33585009-33585009_G_A","CLASP2",42,44,4
"3:48697488-48697488_A_C","CELSR3",13,8,4
"3:48698107-48698107_G_A","CELSR3",5,9,4
"3:62503834-62503834_T_C","CADPS",35,36,4
"3:124377326-124377326_T_G","KALRN",80,93,4
"3:150128839-150128839_G_T","TSC22D2",17,19,4
"3:150908578-150908578_G_T","MED12L",39,35,4
"3:151105707-151105707_G_A","MED12L",4,4,4
"3:170811629-170811629_T_G","TNIK",30,49,4
"3:189607152-189607152_C_A","TP63",50,51,4
"4:3109095-3109095_C_T","HTT",12,4,4
"4:3148624-3148624_G_C","HTT",11,19,4
"4:40428091-40428091_C_T","RBM47",38,39,4
"4:40434855-40434855_T_G","RBM47",3,2,4
"4:48514580-48514580_C_T","FRYL",1,0,4
"4:48530238-48530238_G_T","FRYL",11,9,4
"4:48555265-48555265_T_C","FRYL",14,15,4
"4:57830655-57830655_G_A","NOA1",28,24,4
"4:123167847-123167847_T_C","KIAA1109",16,20,4
"5:14498717-14498717_C_T","TRIO",10,7,4
"5:66448560-66448560_T_A","MAST4",3,4,4
"5:66460352-66460352_G_A","MAST4",34,22,4
"5:135692629-135692629_G_C","TRPC7",22,14,4
"5:156760416-156760416_A_G","CYFIP2",50,58,4
"6:31598523-31598523_C_T","PRRC2A",86,79,4
"6:33631630-33631630_T_G","ITPR3",6,3,4
"6:33638138-33638138_C_A","ITPR3",18,13,4
"6:33658853-33658853_G_C","ITPR3",7,8,4
"6:43146611-43146611_G_T","SRF",17,10,4
"6:160963771-160963771_C_A","LPA",50,44,4
"6:160963774-160963774_C_G","LPA",21,32,4
"6:160963774-160963774_C_T","LPA",0,2,4
"6:160966559-160966559_G_A","LPA",17,28,4
"6:161006105-161006105_C_T","LPA",88,100,4
"6:161007619-161007619_G_T","LPA",26,20,4
"6:161022107-161022107_C_T","LPA",79,90,4
"7:44664106-44664106_C_T","OGDH",77,80,4
"7:69364347-69364347_C_G","AUTS2",11,11,4
"7:128481578-128481578_A_C","FLNC",23,36,4
"7:128491324-128491324_C_T","FLNC",52,82,4
"7:128494922-128494922_G_A","FLNC",19,12,4
"7:128497224-128497224_G_T","FLNC",4,4,4
"7:132070014-132070014_G_A","PLXNA4",52,56,4
"7:138258343-138258343_C_T","TRIM24",6,4,4
"7:149148161-149148161_C_T","ZNF777",11,11,4
"8:67576622-67576622_C_A","VCPIP1",4,8,4
"8:68115462-68115462_G_A","ARFGEF1",14,15,4
"8:145625775-145625775_G_C","CPSF1",11,12,4
"9:39109199-39109199_C_T","CNTNAP3",14,10,4
"9:73151387-73151387_C_T","TRPM3",13,14,4
"9:78804093-78804093_T_C","PCSK5",7,4,4
"9:104323459-104323459_G_A","RNF20",10,6,4
"9:127999166-127999166_T_C","HSPA5",6,8,4
"9:131344110-131344110_C_T","SPTAN1",16,17,4
"9:135779052-135779052_G_A","TSC1",29,32,4
"9:136899924-136899924_T_C","BRD3",31,21,4
"1:6172217-6172217_G_A","CHD5",0,1,5
"1:6172266-6172266_C_A","CHD5",2,2,5
"1:6196837-6196837_G_C","CHD5",0,1,5
"1:6196866-6196866_G_T","CHD5",0,1,5
"1:6202556-6202556_C_T","CHD5",0,1,5
"1:6203896-6203896_G_A","CHD5",4,0,5
"1:6204182-6204182_G_C","CHD5",3,0,5
"1:6206323-6206323_C_T","CHD5",1,2,5
"1:6206333-6206333_G_A","CHD5",0,1,5
"1:6206420-6206420_G_A","CHD5",0,1,5
"1:6206422-6206422_G_A","CHD5",0,1,5
"1:8421495-8421495_C_T","RERE",1,1,5
"1:8421827-8421827_G_A","RERE",0,1,5
"1:8421866-8421866_G_A","RERE",1,0,5
"1:8422813-8422813_C_T","RERE",0,1,5
"1:8422822-8422822_G_T","RERE",1,0,5
"1:8424867-8424867_G_C","RERE",0,1,5
"1:8425908-8425908_C_T","RERE",1,0,5
"1:8425919-8425919_G_A","RERE",1,0,5
"1:8425974-8425974_C_T","RERE",0,1,5
"1:8555164-8555164_C_T","RERE",1,0,5
"1:8684401-8684401_A_T","RERE",0,1,5
"1:8716104-8716104_G_A","RERE",0,1,5
"1:8716109-8716109_T_C","RERE",2,0,5
"1:8716118-8716118_G_A","RERE",0,1,5
"1:9778839-9778839_G_A","PIK3CD",2,3,5
"1:9781611-9781611_C_T","PIK3CD",0,1,5
"1:10292433-10292433_A_G","KIF1B",1,0,5
"1:10316344-10316344_C_A","KIF1B",1,1,5
"1:10318654-10318654_A_G","KIF1B",0,1,5
"1:10328269-10328269_T_C","KIF1B",0,1,5
"1:10338156-10338156_C_T","KIF1B",1,0,5
"1:10342533-10342533_G_A","KIF1B",1,0,5
"1:10355147-10355147_C_G","KIF1B",2,1,5
"1:10356663-10356663_G_C","KIF1B",0,1,5
"1:10364385-10364385_C_T","KIF1B",3,3,5
"1:10364401-10364401_C_A","KIF1B",0,1,5
"1:10381805-10381805_G_A","KIF1B",1,0,5
"1:10381812-10381812_G_A","KIF1B",1,1,5
"1:10381865-10381865_G_T","KIF1B",1,0,5
"1:10384913-10384913_C_G","KIF1B",1,0,5
"1:10386189-10386189_G_A","KIF1B",1,1,5
"1:10386234-10386234_C_T","KIF1B",1,0,5
"1:10386242-10386242_G_A","KIF1B",1,0,5
"1:10386311-10386311_G_A","KIF1B",0,1,5
"1:10386339-10386339_C_T","KIF1B",1,0,5
"1:10386374-10386374_G_A","KIF1B",0,1,5
"1:10394612-10394612_G_A","KIF1B",1,1,5
"1:10394627-10394627_A_T","KIF1B",1,0,5
"1:10394639-10394639_G_A","KIF1B",1,1,5
"1:10394673-10394673_G_A","KIF1B",1,0,5
"1:10394673-10394673_G_T","KIF1B",0,1,5
"1:10397576-10397576_T_C","KIF1B",1,0,5
"1:10403292-10403292_C_T","KIF1B",8,5,5
"1:10412758-10412758_C_A","KIF1B",0,1,5
"1:10420997-10420997_C_A","KIF1B",1,0,5
"1:10425598-10425598_G_T","KIF1B",1,0,5
"1:10425623-10425623_G_A","KIF1B",0,1,5
"1:10425677-10425677_G_A","KIF1B",1,0,5
"1:10425684-10425684_G_A","KIF1B",0,1,5
"1:10435410-10435410_C_T","KIF1B",0,1,5
"1:10435412-10435412_C_T","KIF1B",1,0,5
"1:11187719-11187719_G_A","MTOR",0,2,5
"1:11189856-11189856_C_T","MTOR",4,5,5
"1:11194408-11194408_C_T","MTOR",1,0,5
"1:11194467-11194467_C_A","MTOR",2,0,5
"1:11199444-11199444_G_A","MTOR",2,0,5
"1:11199600-11199600_C_T","MTOR",0,1,5
"1:11199647-11199647_A_C","MTOR",3,3,5
"1:11199666-11199666_G_A","MTOR",0,1,5
"1:11204731-11204731_G_A","MTOR",0,1,5
"1:11204742-11204742_C_T","MTOR",0,2,5
"1:11204749-11204749_C_T","MTOR",1,1,5
"1:11204749-11204749_C_G","MTOR",1,0,5
"1:11206744-11206744_A_C","MTOR",1,0,5
"1:11206753-11206753_G_T","MTOR",1,0,5
"1:11206807-11206807_G_A","MTOR",0,1,5
"1:11206821-11206821_G_T","MTOR",0,1,5
"1:11206836-11206836_C_T","MTOR",0,1,5
"1:11272403-11272403_G_A","MTOR",0,1,5
"1:11272449-11272449_G_C","MTOR",4,2,5
"1:11272478-11272478_T_C","MTOR",2,0,5
"1:11273503-11273503_G_A","MTOR",1,0,5
"1:11288762-11288762_A_G","MTOR",1,0,5
"1:11288768-11288768_G_A","MTOR",0,1,5
"1:11291033-11291033_G_A","MTOR",0,1,5
"1:11291383-11291383_C_T","MTOR",1,0,5
"1:11291425-11291425_A_G","MTOR",1,0,5
"1:11298519-11298519_C_T","MTOR",1,0,5
"1:11300543-11300543_T_A","MTOR",0,2,5
"1:11308061-11308061_G_A","MTOR",1,0,5
"1:11308103-11308103_C_T","MTOR",1,1,5
"1:11561257-11561257_A_G","PTCHD2",1,5,5
"1:11562864-11562864_A_G","PTCHD2",0,1,5
"1:11562879-11562879_G_A","PTCHD2",1,0,5
"1:11562894-11562894_G_A","PTCHD2",0,1,5
"1:11575455-11575455_A_G","PTCHD2",1,1,5
"1:11575461-11575461_C_G","PTCHD2",1,0,5
"1:11577529-11577529_G_A","PTCHD2",1,1,5
"1:11577583-11577583_G_A","PTCHD2",0,1,5
"1:11585322-11585322_C_T","PTCHD2",0,1,5
"1:11585330-11585330_G_T","PTCHD2",1,0,5
"1:11586750-11586750_G_A","PTCHD2",1,0,5
"1:11586811-11586811_C_T","PTCHD2",2,1,5
"1:11589922-11589922_C_A","PTCHD2",1,0,5
"1:11589978-11589978_C_T","PTCHD2",0,1,5
"1:11589979-11589979_G_A","PTCHD2",2,1,5
"1:11594442-11594442_C_T","PTCHD2",0,1,5
"1:16199429-16199429_A_G","SPEN",1,0,5
"1:16199434-16199434_G_A","SPEN",1,0,5
"1:16199493-16199493_G_A","SPEN",0,1,5
"1:16199526-16199526_G_A","SPEN",0,1,5
"1:16199568-16199568_C_T","SPEN",1,0,5
"1:16202759-16202759_C_T","SPEN",1,0,5
"1:16202819-16202819_G_A","SPEN",1,0,5
"1:16202843-16202843_A_G","SPEN",1,1,5
"1:16202890-16202890_C_G","SPEN",1,0,5
"1:16202891-16202891_G_A","SPEN",1,1,5
"1:16202938-16202938_C_T","SPEN",1,0,5
"1:16235842-16235842_A_G","SPEN",2,0,5
"1:16242680-16242680_C_G","SPEN",0,1,5
"1:16242683-16242683_A_G","SPEN",0,1,5
"1:16245446-16245446_G_A","SPEN",1,0,5
"1:16245500-16245500_C_G","SPEN",0,1,5
"1:16245932-16245932_G_A","SPEN",1,1,5
"1:16245981-16245981_G_A","SPEN",1,0,5
"1:16247429-16247429_C_A","SPEN",1,1,5
"1:16254702-16254702_A_G","SPEN",2,1,5
"1:16254750-16254750_G_A","SPEN",0,1,5
"1:16254798-16254798_A_G","SPEN",1,0,5
"1:16254852-16254852_G_A","SPEN",1,2,5
"1:16254912-16254912_A_G","SPEN",0,1,5
"1:16254932-16254932_C_T","SPEN",1,1,5
"1:16257266-16257266_A_G","SPEN",2,0,5
"1:16257285-16257285_A_T","SPEN",7,7,5
"1:16259870-16259870_G_A","SPEN",2,0,5
"1:16260845-16260845_G_A","SPEN",1,1,5
"1:16261256-16261256_A_G","SPEN",5,3,5
"1:16261313-16261313_T_A","SPEN",0,1,5
"1:16261695-16261695_C_T","SPEN",0,1,5
"1:16261711-16261711_C_A","SPEN",1,1,5
"1:16261767-16261767_G_A","SPEN",2,0,5
"1:16261809-16261809_C_G","SPEN",1,0,5
"1:16263998-16263998_C_T","SPEN",0,1,5
"1:16264078-16264078_A_G","SPEN",0,2,5
"1:16264376-16264376_G_A","SPEN",1,0,5
"1:16264403-16264403_C_T","SPEN",2,1,5
"1:16265322-16265322_C_T","SPEN",1,0,5
"1:16269620-16269620_G_T","ZBTB17",1,0,5
"1:16269663-16269663_T_C","ZBTB17",1,0,5
"1:16269685-16269685_C_T","ZBTB17",2,0,5
"1:16273489-16273489_T_A","ZBTB17",0,7,5
"1:16273507-16273507_G_A","ZBTB17",12,8,5
"1:19407912-19407912_C_T","UBR4",2,1,5
"1:19407913-19407913_G_A","UBR4",1,1,5
"1:19407937-19407937_G_A","UBR4",1,0,5
"1:19408007-19408007_C_A","UBR4",0,1,5
"1:19408014-19408014_G_A","UBR4",3,4,5
"1:19413206-19413206_A_G","UBR4",0,1,5
"1:19413254-19413254_T_C","UBR4",1,0,5
"1:19413284-19413284_G_A","UBR4",1,0,5
"1:19415344-19415344_T_C","UBR4",0,1,5
"1:19420483-19420483_T_A","UBR4",1,0,5
"1:19421423-19421423_C_T","UBR4",1,0,5
"1:19422100-19422100_C_T","UBR4",1,0,5
"1:19423088-19423088_C_G","UBR4",0,1,5
"1:19426138-19426138_G_A","UBR4",1,0,5
"1:19426953-19426953_C_G","UBR4",1,0,5
"1:19430698-19430698_G_A","UBR4",1,0,5
"1:19431567-19431567_G_A","UBR4",3,2,5
"1:19441313-19441313_G_A","UBR4",1,0,5
"1:19443748-19443748_C_T","UBR4",0,1,5
"1:19443779-19443779_C_T","UBR4",1,0,5
"1:19446711-19446711_G_A","UBR4",1,1,5
"1:19446714-19446714_C_T","UBR4",1,0,5
"1:19449415-19449415_A_T","UBR4",1,0,5
"1:19449431-19449431_G_A","UBR4",1,0,5
"1:19451062-19451062_G_C","UBR4",1,0,5
"1:19451073-19451073_G_A","UBR4",1,0,5
"1:19451084-19451084_C_T","UBR4",1,0,5
"1:19452953-19452953_C_T","UBR4",0,1,5
"1:19452954-19452954_G_A","UBR4",1,0,5
"1:19453077-19453077_C_T","UBR4",1,0,5
"1:19453127-19453127_G_C","UBR4",0,1,5
"1:19454151-19454151_C_T","UBR4",0,1,5
"1:19454783-19454783_A_T","UBR4",0,1,5
"1:19454800-19454800_G_A","UBR4",1,1,5
"1:19455488-19455488_G_A","UBR4",0,1,5
"1:19455554-19455554_C_T","UBR4",0,1,5
"1:19465639-19465639_C_G","UBR4",1,0,5
"1:19465666-19465666_G_A","UBR4",0,1,5
"1:19467924-19467924_G_T","UBR4",3,0,5
"1:19467924-19467924_G_C","UBR4",0,1,5
"1:19467946-19467946_C_T","UBR4",0,1,5
"1:19470545-19470545_C_T","UBR4",1,0,5
"1:19472296-19472296_A_G","UBR4",0,1,5
"1:19474510-19474510_G_A","UBR4",0,1,5
"1:19478208-19478208_C_T","UBR4",1,0,5
"1:19478209-19478209_G_A","UBR4",1,0,5
"1:19478949-19478949_A_C","UBR4",1,0,5
"1:19478961-19478961_G_A","UBR4",0,1,5
"1:19478965-19478965_G_A","UBR4",1,0,5
"1:19481533-19481533_C_T","UBR4",1,1,5
"1:19481550-19481550_G_A","UBR4",0,1,5
"1:19482014-19482014_A_T","UBR4",1,0,5
"1:19482044-19482044_A_T","UBR4",1,0,5
"1:19482797-19482797_C_T","UBR4",1,3,5
"1:19482871-19482871_T_G","UBR4",0,1,5
"1:19482877-19482877_G_A","UBR4",1,0,5
"1:19484370-19484370_C_A","UBR4",1,0,5
"1:19487431-19487431_G_A","UBR4",2,0,5
"1:19487470-19487470_G_C","UBR4",0,1,5
"1:19490804-19490804_C_G","UBR4",1,1,5
"1:19491302-19491302_C_T","UBR4",1,0,5
"1:19491338-19491338_C_T","UBR4",0,1,5
"1:19491416-19491416_C_T","UBR4",5,9,5
"1:19493618-19493618_C_T","UBR4",1,0,5
"1:19493628-19493628_A_G","UBR4",0,3,5
"1:19493707-19493707_G_T","UBR4",3,0,5
"1:19494605-19494605_G_A","UBR4",2,3,5
"1:19497282-19497282_G_C","UBR4",0,1,5
"1:19499394-19499394_G_A","UBR4",0,1,5
"1:19499403-19499403_A_G","UBR4",1,0,5
"1:19499941-19499941_A_T","UBR4",2,5,5
"1:19499961-19499961_C_T","UBR4",1,0,5
"1:19499967-19499967_C_T","UBR4",0,1,5
"1:19500004-19500004_C_T","UBR4",0,1,5
"1:19501476-19501476_T_A","UBR4",1,0,5
"1:19503154-19503154_C_T","UBR4",0,1,5
"1:19505569-19505569_G_C","UBR4",3,0,5
"1:19505570-19505570_G_A","UBR4",0,1,5
"1:19505573-19505573_C_T","UBR4",1,1,5
"1:19505643-19505643_T_G","UBR4",0,1,5
"1:19510549-19510549_C_T","UBR4",0,1,5
"1:19510596-19510596_C_T","UBR4",3,4,5
"1:19510640-19510640_G_T","UBR4",0,1,5
"1:19511627-19511627_C_A","UBR4",1,0,5
"1:19513722-19513722_C_T","UBR4",0,1,5
"1:19513748-19513748_C_G","UBR4",1,0,5
"1:19519950-19519950_C_T","UBR4",1,0,5
"1:19519961-19519961_T_C","UBR4",1,0,5
"1:19519994-19519994_C_T","UBR4",1,0,5
"1:19525373-19525373_A_G","UBR4",0,1,5
"1:19525376-19525376_C_T","UBR4",6,5,5
"1:19526167-19526167_T_C","UBR4",0,1,5
"1:23408001-23408001_G_A","KDM1A",0,1,5
"1:23408735-23408735_G_T","KDM1A",0,1,5
"1:23637425-23637425_T_C","HNRNPR",0,1,5
"1:23637437-23637437_T_C","HNRNPR",1,0,5
"1:23637455-23637455_T_C","HNRNPR",1,0,5
"1:23637498-23637498_G_A","HNRNPR",0,1,5
"1:23660015-23660015_G_A","HNRNPR",0,1,5
"1:23660069-23660069_T_A","HNRNPR",0,1,5
"1:23665030-23665030_G_C","HNRNPR",1,0,5
"1:23667407-23667407_G_A","HNRNPR",0,1,5
"1:25775306-25775306_C_T","TMEM57",0,1,5
"1:25775311-25775311_T_A","TMEM57",1,0,5
"1:25775396-25775396_A_C","TMEM57",1,0,5
"1:25780773-25780773_G_A","TMEM57",1,1,5
"1:25815725-25815725_C_T","TMEM57",1,0,5
"1:25817935-25817935_C_A","TMEM57",1,0,5
"1:26873389-26873389_C_T","RPS6KA1",1,0,5
"1:26873406-26873406_G_A","RPS6KA1",0,1,5
"1:26873704-26873704_C_T","RPS6KA1",1,1,5
"1:26877896-26877896_C_T","RPS6KA1",0,1,5
"1:26878159-26878159_A_T","RPS6KA1",1,0,5
"1:26878207-26878207_C_T","RPS6KA1",0,1,5
"1:26879882-26879882_G_A","RPS6KA1",1,0,5
"1:26879892-26879892_C_T","RPS6KA1",1,0,5
"1:26881144-26881144_G_A","RPS6KA1",1,0,5
"1:26883177-26883177_C_T","RPS6KA1",1,0,5
"1:26883582-26883582_A_G","RPS6KA1",1,0,5
"1:26900573-26900573_G_T","RPS6KA1",0,1,5
"1:26900586-26900586_C_T","RPS6KA1",1,0,5
"1:27589667-27589667_C_T","WDTC1",0,1,5
"1:27621022-27621022_C_A","WDTC1",1,0,5
"1:27621041-27621041_G_A","WDTC1",2,1,5
"1:27622832-27622832_T_A","WDTC1",1,0,5
"1:27631569-27631569_G_A","WDTC1",1,0,5
"1:29185545-29185545_C_A","OPRD1",0,1,5
"1:29185651-29185651_C_T","OPRD1",1,1,5
"1:29185665-29185665_A_C","OPRD1",1,0,5
"1:29185683-29185683_G_A","OPRD1",1,1,5
"1:31409528-31409528_C_T","PUM1",0,2,5
"1:31425133-31425133_T_C","PUM1",0,1,5
"1:31425170-31425170_G_A","PUM1",1,0,5
"1:31438912-31438912_G_A","PUM1",1,0,5
"1:31438996-31438996_A_T","PUM1",1,0,5
"1:31438997-31438997_G_C","PUM1",1,0,5
"1:31440101-31440101_T_G","PUM1",1,0,5
"1:31467908-31467908_C_A","PUM1",0,1,5
"1:31532151-31532151_T_G","PUM1",1,0,5
"1:31532367-31532367_T_C","PUM1",2,1,5
"1:32203083-32203083_T_C","BAI2",1,0,5
"1:32203859-32203859_C_T","BAI2",1,0,5
"1:32203886-32203886_G_A","BAI2",1,0,5
"1:32205602-32205602_C_T","BAI2",1,0,5
"1:32205724-32205724_T_A","BAI2",1,0,5
"1:32207269-32207269_G_A","BAI2",1,1,5
"1:32210291-32210291_G_T","BAI2",0,1,5
"1:32626237-32626237_A_G","KPNA6",0,1,5
"1:32626288-32626288_C_A","KPNA6",0,1,5
"1:32628049-32628049_C_A","KPNA6",1,0,5
"1:32688188-32688188_A_G","EIF3I",0,1,5
"1:32688196-32688196_G_A","EIF3I",0,1,5
"1:32694196-32694196_G_A","EIF3I",1,0,5
"1:32694203-32694203_C_T","EIF3I",1,0,5
"1:33985191-33985191_C_T","CSMD2",1,1,5
"1:33985227-33985227_T_C","CSMD2",1,0,5
"1:33985251-33985251_C_T","CSMD2",0,1,5
"1:33987098-33987098_C_A","CSMD2",1,1,5
"1:33987132-33987132_C_T","CSMD2",0,1,5
"1:33990586-33990586_C_T","CSMD2",5,2,5
"1:33990635-33990635_C_G","CSMD2",1,0,5
"1:33992823-33992823_G_A","CSMD2",8,10,5
"1:34006181-34006181_G_A","CSMD2",0,1,5
"1:34006835-34006835_C_A","CSMD2",0,1,5
"1:34006868-34006868_G_A","CSMD2",0,1,5
"1:34006873-34006873_C_A","CSMD2",0,2,5
"1:34035009-34035009_T_C","CSMD2",5,3,5
"1:34035024-34035024_C_T","CSMD2",1,0,5
"1:34035025-34035025_G_A","CSMD2",0,1,5
"1:34035067-34035067_A_G","CSMD2",0,1,5
"1:34035078-34035078_G_A","CSMD2",1,2,5
"1:34035082-34035082_C_G","CSMD2",0,1,5
"1:34049316-34049316_G_C","CSMD2",1,0,5
"1:34049389-34049389_C_T","CSMD2",0,1,5
"1:34052115-34052115_G_A","CSMD2",1,0,5
"1:34052116-34052116_G_C","CSMD2",1,0,5
"1:34052206-34052206_G_A","CSMD2",0,2,5
"1:34066488-34066488_C_T","CSMD2",2,0,5
"1:34066491-34066491_C_G","CSMD2",0,1,5
"1:34066491-34066491_C_A","CSMD2",0,1,5
"1:34066605-34066605_C_G","CSMD2",0,1,5
"1:34070990-34070990_A_G","CSMD2",0,1,5
"1:34071043-34071043_G_T","CSMD2",1,0,5
"1:34082565-34082565_T_A","CSMD2",1,1,5
"1:34083157-34083157_T_G","CSMD2",1,0,5
"1:34112251-34112251_T_A","CSMD2",0,1,5
"1:34117939-34117939_C_T","CSMD2",1,0,5
"1:34118022-34118022_A_T","CSMD2",1,0,5
"1:34123597-34123597_C_T","CSMD2",0,1,5
"1:34158543-34158543_C_T","CSMD2",1,1,5
"1:34174817-34174817_G_C","CSMD2",1,0,5
"1:34181939-34181939_C_T","CSMD2",1,0,5
"1:34181973-34181973_C_T","CSMD2",1,0,5
"1:34181987-34181987_G_A","CSMD2",0,1,5
"1:34189834-34189834_C_A","CSMD2",1,0,5
"1:34190185-34190185_A_G","CSMD2",2,1,5
"1:34190197-34190197_G_C","CSMD2",1,0,5
"1:34190216-34190216_C_T","CSMD2",1,0,5
"1:34190222-34190222_C_T","CSMD2",0,2,5
"1:34191064-34191064_C_A","CSMD2",1,2,5
"1:34191090-34191090_C_T","CSMD2",2,0,5
"1:34209062-34209062_G_T","CSMD2",0,1,5
"1:34238290-34238290_G_A","CSMD2",1,0,5
"1:34254275-34254275_G_T","CSMD2",1,1,5
"1:34258060-34258060_C_T","CSMD2",3,8,5
"1:34258067-34258067_C_T","CSMD2",1,0,5
"1:34258072-34258072_G_A","CSMD2",1,0,5
"1:34554689-34554689_G_A","CSMD2",1,0,5
"1:34554690-34554690_C_T","CSMD2",0,1,5
"1:34554719-34554719_T_C","CSMD2",0,2,5
"1:35365703-35365703_G_A","DLGAP3",2,1,5
"1:35365790-35365790_T_C","DLGAP3",0,1,5
"1:35370245-35370245_C_A","DLGAP3",0,1,5
"1:35370246-35370246_G_A","DLGAP3",2,0,5
"1:35824694-35824694_T_G","ZMYM4",2,1,5
"1:35857902-35857902_G_A","ZMYM4",1,0,5
"1:35862185-35862185_G_A","ZMYM4",1,4,5
"1:35862237-35862237_A_G","ZMYM4",1,0,5
"1:35865173-35865173_G_A","ZMYM4",1,0,5
"1:35873611-35873611_C_T","ZMYM4",0,1,5
"1:35885121-35885121_G_A","ZMYM4",1,2,5
"1:36028050-36028050_G_C","NCDN",0,1,5
"1:36028080-36028080_C_T","NCDN",0,2,5
"1:39715690-39715690_G_A","MACF1",1,0,5
"1:39715723-39715723_G_A","MACF1",2,0,5
"1:39715725-39715725_G_A","MACF1",0,1,5
"1:39723633-39723633_A_T","MACF1",2,0,5
"1:39749167-39749167_G_A","MACF1",0,1,5
"1:39753173-39753173_C_A","MACF1",2,0,5
"1:39757678-39757678_G_T","MACF1",0,1,5
"1:39760776-39760776_C_T","MACF1",1,0,5
"1:39760805-39760805_G_A","MACF1",0,1,5
"1:39765925-39765925_G_A","MACF1",1,0,5
"1:39765930-39765930_G_A","MACF1",0,1,5
"1:39775295-39775295_A_G","MACF1",1,0,5
"1:39775305-39775305_C_G","MACF1",0,3,5
"1:39775322-39775322_A_G","MACF1",0,1,5
"1:39775972-39775972_A_G","MACF1",1,0,5
"1:39775975-39775975_A_G","MACF1",1,0,5
"1:39776005-39776005_C_A","MACF1",0,1,5
"1:39776034-39776034_C_T","MACF1",1,1,5
"1:39776050-39776050_T_G","MACF1",0,1,5
"1:39776556-39776556_C_T","MACF1",1,0,5
"1:39776557-39776557_G_A","MACF1",0,1,5
"1:39776562-39776562_C_T","MACF1",0,1,5
"1:39781211-39781211_G_C","MACF1",0,1,5
"1:39781293-39781293_C_T","MACF1",1,1,5
"1:39781321-39781321_A_G","MACF1",3,6,5
"1:39785345-39785345_G_T","MACF1",1,0,5
"1:39785351-39785351_A_C","MACF1",1,0,5
"1:39785360-39785360_A_G","MACF1",1,0,5
"1:39785384-39785384_C_G","MACF1",1,2,5
"1:39788350-39788350_G_A","MACF1",2,2,5
"1:39788353-39788353_G_A","MACF1",2,1,5
"1:39788353-39788353_G_T","MACF1",0,1,5
"1:39789890-39789890_A_T","MACF1",1,2,5
"1:39816470-39816470_A_T","MACF1",1,0,5
"1:39823165-39823165_A_C","MACF1",0,1,5
"1:39823377-39823377_C_T","MACF1",2,0,5
"1:39823494-39823494_T_C","MACF1",1,2,5
"1:39835745-39835745_C_T","MACF1",1,0,5
"1:39835745-39835745_C_G","MACF1",2,1,5
"1:39844949-39844949_C_T","MACF1",1,2,5
"1:39851370-39851370_C_T","MACF1",0,1,5
"1:39851394-39851394_A_G","MACF1",1,0,5
"1:39851427-39851427_G_A","MACF1",4,3,5
"1:39851451-39851451_G_C","MACF1",1,0,5
"1:39851518-39851518_T_C","MACF1",0,1,5
"1:39853855-39853855_T_C","MACF1",0,1,5
"1:39853893-39853893_C_G","MACF1",1,0,5
"1:39853900-39853900_G_A","MACF1",0,2,5
"1:39853954-39853954_C_T","MACF1",3,0,5
"1:39853971-39853971_G_T","MACF1",1,0,5
"1:39853992-39853992_G_A","MACF1",0,1,5
"1:39854161-39854161_G_T","MACF1",2,0,5
"1:39854170-39854170_G_A","MACF1",0,1,5
"1:39888145-39888145_G_A","MACF1",1,0,5
"1:39893766-39893766_G_A","MACF1",1,0,5
"1:39893786-39893786_C_T","MACF1",0,1,5
"1:39893798-39893798_A_G","MACF1",2,0,5
"1:39896450-39896450_T_C","MACF1",0,1,5
"1:39896473-39896473_G_C","MACF1",0,1,5
"1:39896485-39896485_C_T","MACF1",1,1,5
"1:39901380-39901380_G_A","MACF1",1,0,5
"1:39901387-39901387_G_A","MACF1",0,1,5
"1:39903464-39903464_G_A","MACF1",6,0,5
"1:39903467-39903467_C_T","MACF1",1,0,5
"1:39903506-39903506_C_T","MACF1",1,0,5
"1:39903620-39903620_C_T","MACF1",0,1,5
"1:39903624-39903624_G_A","MACF1",2,1,5
"1:39905072-39905072_C_T","MACF1",0,1,5
"1:39906695-39906695_T_A","MACF1",0,1,5
"1:39906723-39906723_C_T","MACF1",0,1,5
"1:39907649-39907649_C_T","MACF1",1,0,5
"1:39910413-39910413_G_A","MACF1",2,0,5
"1:39910446-39910446_A_G","MACF1",0,1,5
"1:39910449-39910449_G_T","MACF1",0,2,5
"1:39913408-39913408_G_C","MACF1",0,1,5
"1:39913487-39913487_G_C","MACF1",1,0,5
"1:39913509-39913509_T_C","MACF1",0,1,5
"1:39916849-39916849_T_G","MACF1",1,0,5
"1:39917889-39917889_G_A","MACF1",0,1,5
"1:39917931-39917931_A_C","MACF1",1,0,5
"1:39917967-39917967_C_T","MACF1",0,1,5
"1:39918357-39918357_C_T","MACF1",0,1,5
"1:39918384-39918384_T_C","MACF1",1,0,5
"1:39918471-39918471_T_C","MACF1",1,2,5
"1:39918474-39918474_A_G","MACF1",1,0,5
"1:39919433-39919433_A_G","MACF1",1,0,5
"1:39919435-39919435_G_A","MACF1",0,1,5
"1:39919478-39919478_A_G","MACF1",0,1,5
"1:39919478-39919478_A_T","MACF1",1,0,5
"1:39920669-39920669_T_G","MACF1",1,0,5
"1:39920726-39920726_C_T","MACF1",3,0,5
"1:39920747-39920747_A_C","MACF1",1,0,5
"1:39924826-39924826_C_T","MACF1",1,1,5
"1:39924848-39924848_G_T","MACF1",0,1,5
"1:39924848-39924848_G_A","MACF1",0,1,5
"1:39924871-39924871_G_A","MACF1",1,0,5
"1:39927602-39927602_G_A","MACF1",1,0,5
"1:39951279-39951279_G_A","MACF1",1,1,5
"1:41283849-41283849_T_C","KCNQ4",2,0,5
"1:41283869-41283869_T_C","KCNQ4",0,1,5
"1:41285647-41285647_C_G","KCNQ4",0,1,5
"1:43868888-43868888_A_T","SZT2",0,1,5
"1:43868903-43868903_G_A","SZT2",2,0,5
"1:43868908-43868908_G_A","SZT2",0,1,5
"1:43869287-43869287_G_A","SZT2",0,2,5
"1:43869377-43869377_G_T","SZT2",0,1,5
"1:43870114-43870114_G_A","SZT2",0,1,5
"1:43870202-43870202_T_C","SZT2",0,1,5
"1:43890511-43890511_T_C","SZT2",1,0,5
"1:43891311-43891311_G_A","SZT2",2,4,5
"1:43891515-43891515_C_T","SZT2",1,0,5
"1:43891578-43891578_A_G","SZT2",0,1,5
"1:43892784-43892784_C_T","SZT2",1,1,5
"1:43893302-43893302_C_T","SZT2",0,3,5
"1:43893774-43893774_C_T","SZT2",0,1,5
"1:43894003-43894003_G_A","SZT2",0,1,5
"1:43895396-43895396_G_A","SZT2",1,0,5
"1:43895417-43895417_C_T","SZT2",4,2,5
"1:43895725-43895725_C_T","SZT2",1,1,5
"1:43897427-43897427_G_A","SZT2",0,1,5
"1:43897549-43897549_C_T","SZT2",0,1,5
"1:43898821-43898821_C_T","SZT2",0,1,5
"1:43900942-43900942_T_A","SZT2",1,0,5
"1:43900950-43900950_G_A","SZT2",1,0,5
"1:43900974-43900974_G_T","SZT2",0,1,5
"1:43900980-43900980_G_A","SZT2",1,1,5
"1:43902884-43902884_C_A","SZT2",1,2,5
"1:43903514-43903514_G_A","SZT2",0,1,5
"1:43903562-43903562_T_C","SZT2",0,1,5
"1:43903565-43903565_G_A","SZT2",0,1,5
"1:43907014-43907014_C_T","SZT2",6,4,5
"1:43907245-43907245_C_T","SZT2",0,1,5
"1:43907398-43907398_C_T","SZT2",1,1,5
"1:43907425-43907425_G_A","SZT2",1,0,5
"1:43908176-43908176_C_T","SZT2",1,0,5
"1:43908177-43908177_G_A","SZT2",2,0,5
"1:43908575-43908575_G_A","SZT2",2,0,5
"1:43908593-43908593_G_A","SZT2",1,3,5
"1:43908867-43908867_C_T","SZT2",1,0,5
"1:43909032-43909032_C_G","SZT2",1,0,5
"1:43909057-43909057_G_A","SZT2",1,0,5
"1:43909417-43909417_G_C","SZT2",1,0,5
"1:43909464-43909464_G_A","SZT2",0,1,5
"1:43911877-43911877_C_T","SZT2",1,1,5
"1:43911877-43911877_C_A","SZT2",1,0,5
"1:43911886-43911886_C_T","SZT2",1,0,5
